"Site Crawled","https://dunhamlaw.com/"
"Start Date","2026-03-01"
"Start Time","12:49:56"
"Last Modified Date","2026-03-01"
"Last Modified Time","13:30:35"
"Elapsed","00:40:39"
"Report Date","2026-03-01"
"Report Time","13:52:11"
""
"Summary","URLs","% of Total","Total URLs","Total URLs Description"
"Total URLs Encountered","18382","100.00%","18382","URLs Encountered"
"Total URLs Crawled","18382","100.00%","18382","URLs Encountered"
"Total Internal blocked by robots.txt","0","0.00%","18382","URLs Encountered"
"Total External blocked by robots.txt","0","0.00%","18382","URLs Encountered"
""
"URLs Displayed","18382","100.00%","18382","URLs Displayed"
"Total Internal URLs","2104","11.45%","18382","URLs Displayed"
"Total External URLs","16278","88.55%","18382","URLs Displayed"
"Total Internal Indexable URLs","1708","9.29%","18382","URLs Displayed"
"Total Internal Non-Indexable URLs","396","2.15%","18382","URLs Displayed"
""
"Internal"
"All","2104","100.00%","2104","Internal URLs"
"HTML","1548","73.57%","2104","Internal URLs"
"JavaScript","38","1.81%","2104","Internal URLs"
"CSS","16","0.76%","2104","Internal URLs"
"Images","480","22.81%","2104","Internal URLs"
"Media","0","0.00%","2104","Internal URLs"
"Fonts","0","0.00%","2104","Internal URLs"
"XML","17","0.81%","2104","Internal URLs"
"PDF","0","0.00%","2104","Internal URLs"
"Plugins","0","0.00%","2104","Internal URLs"
"Other","5","0.24%","2104","Internal URLs"
"Unknown","0","0.00%","2104","Internal URLs"
""
"External"
"All","16278","100.00%","16278","External URLs"
"HTML","2192","13.47%","16278","External URLs"
"JavaScript","3696","22.71%","16278","External URLs"
"CSS","2","0.01%","16278","External URLs"
"Images","7587","46.61%","16278","External URLs"
"Media","0","0.00%","16278","External URLs"
"Fonts","2","0.01%","16278","External URLs"
"XML","0","0.00%","16278","External URLs"
"PDF","2","0.01%","16278","External URLs"
"Plugins","0","0.00%","16278","External URLs"
"Other","2797","17.18%","16278","External URLs"
"Unknown","0","0.00%","16278","External URLs"
""
"Security"
"All","2104","100.00%","2104","All internal and non-HTML external URLs"
"HTTP URLs","0","0.00%","2104","All internal and non-HTML external URLs"
"HTTPS URLs","2104","100.00%","2104","All internal and non-HTML external URLs"
"Mixed Content","0","0.00%","2104","All internal and non-HTML external URLs"
"Form URL Insecure","0","0.00%","2104","All internal and non-HTML external URLs"
"Form on HTTP URL","0","0.00%","2104","All internal and non-HTML external URLs"
"Unsafe Cross-Origin Links","30","1.43%","2104","All internal and non-HTML external URLs"
"Protocol-Relative Resource Links","1","0.05%","2104","All internal and non-HTML external URLs"
"Missing HSTS Header","0","0.00%","2104","All internal and non-HTML external URLs"
"Missing Content-Security-Policy Header","535","25.43%","2104","All internal and non-HTML external URLs"
"Missing X-Content-Type-Options Header","0","0.00%","2104","All internal and non-HTML external URLs"
"Missing X-Frame-Options Header","535","25.43%","2104","All internal and non-HTML external URLs"
"Missing Secure Referrer-Policy Header","535","25.43%","2104","All internal and non-HTML external URLs"
"Bad Content Type","299","14.21%","2104","All internal and non-HTML external URLs"
""
"Response Codes"
"All","18382","100.00%","18382","All Internal & External Crawled URLs"
"Blocked by Robots.txt","0","0.00%","18382","All Internal & External Crawled URLs"
"Blocked Resource","1","0.01%","18382","All Internal & External Crawled URLs"
"No Response","35","0.19%","18382","All Internal & External Crawled URLs"
"Success (2xx)","17796","96.81%","18382","All Internal & External Crawled URLs"
"Redirection (3xx)","517","2.81%","18382","All Internal & External Crawled URLs"
"Redirection (JavaScript)","0","0.00%","18382","All Internal & External Crawled URLs"
"Redirection (Meta Refresh)","0","0.00%","18382","All Internal & External Crawled URLs"
"Redirection (HTTP Refresh)","0","0.00%","18382","All Internal & External Crawled URLs"
"Client Error (4xx)","31","0.17%","18382","All Internal & External Crawled URLs"
"Server Error (5xx)","3","0.02%","18382","All Internal & External Crawled URLs"
"Internal All","2104","11.45%","18382","All Internal Crawled URLs"
"Internal Blocked by Robots.txt","0","0.00%","18382","All Internal Crawled URLs"
"Internal Blocked Resource","0","0.00%","18382","All Internal Crawled URLs"
"Internal No Response","0","0.00%","18382","All Internal Crawled URLs"
"Internal Success (2xx)","1772","9.64%","18382","All Internal Crawled URLs"
"Internal Redirection (3xx)","331","1.80%","18382","All Internal Crawled URLs"
"Internal Redirection (JavaScript)","0","0.00%","18382","All Internal Crawled URLs"
"Internal Redirection (Meta Refresh)","0","0.00%","18382","All Internal Crawled URLs"
"Internal Redirection (HTTP Refresh)","0","0.00%","18382","All Internal Crawled URLs"
"Internal Redirect Chain","0","0.00%","18382","All Internal Crawled URLs"
"Internal Redirect Loop","0","0.00%","18382","All Internal Crawled URLs"
"Internal Client Error (4xx)","1","0.01%","18382","All Internal Crawled URLs"
"Internal Server Error (5xx)","0","0.00%","18382","All Internal Crawled URLs"
"External All","16278","88.55%","18382","All External Crawled URLs"
"External Blocked by Robots.txt","0","0.00%","18382","All External Crawled URLs"
"External Blocked Resource","1","0.01%","18382","All External Crawled URLs"
"External No Response","35","0.19%","18382","All External Crawled URLs"
"External Success (2xx)","16024","87.17%","18382","All External Crawled URLs"
"External Redirection (3xx)","186","1.01%","18382","All External Crawled URLs"
"External Redirection (JavaScript)","0","0.00%","18382","All External Crawled URLs"
"External Redirection (Meta Refresh)","0","0.00%","18382","All External Crawled URLs"
"External Redirection (HTTP Refresh)","0","0.00%","18382","All External Crawled URLs"
"External Client Error (4xx)","30","0.16%","18382","All External Crawled URLs"
"External Server Error (5xx)","3","0.02%","18382","All External Crawled URLs"
""
"URL"
"All","2104","100.00%","2104","Internal URLs"
"Non ASCII Characters","0","0.00%","2104","Internal URLs"
"Underscores","0","0.00%","2104","Internal URLs"
"Uppercase","2","0.10%","2104","Internal URLs"
"Multiple Slashes","0","0.00%","2104","Internal URLs"
"Repetitive Path","0","0.00%","2104","Internal URLs"
"Contains Space","0","0.00%","2104","Internal URLs"
"Internal Search","0","0.00%","2104","Internal URLs"
"Parameters","37","1.76%","2104","Internal URLs"
"Broken Bookmark","0","0.00%","2104","Internal URLs"
"GA Tracking Parameters","0","0.00%","2104","Internal URLs"
"Over 115 Characters","33","1.57%","2104","Internal URLs"
""
"Page Titles"
"All","1216","100.00%","1216","Internal HTML pages with 2xx response"
"Missing","0","0.00%","1216","Internal HTML pages with 2xx response"
"Duplicate","328","26.97%","1216","Internal HTML pages with 2xx response"
"Over 60 Characters","707","58.14%","1216","Internal HTML pages with 2xx response"
"Below 30 Characters","2","0.16%","1216","Internal HTML pages with 2xx response"
"Over 561 Pixels","765","62.91%","1216","Internal HTML pages with 2xx response"
"Below 200 Pixels","0","0.00%","1216","Internal HTML pages with 2xx response"
"Same as H1","5","0.41%","1216","Internal HTML pages with 2xx response"
"Multiple","288","23.68%","1216","Internal HTML pages with 2xx response"
"Outside <head>","288","23.68%","1216","Internal HTML pages with 2xx response"
""
"Meta Description"
"All","1216","100.00%","1216","Internal HTML pages with 2xx response"
"Missing","39","3.21%","1216","Internal HTML pages with 2xx response"
"Duplicate","33","2.71%","1216","Internal HTML pages with 2xx response"
"Over 155 Characters","44","3.62%","1216","Internal HTML pages with 2xx response"
"Below 70 Characters","1","0.08%","1216","Internal HTML pages with 2xx response"
"Over 985 Pixels","48","3.95%","1216","Internal HTML pages with 2xx response"
"Below 400 Pixels","0","0.00%","1216","Internal HTML pages with 2xx response"
"Multiple","0","0.00%","1216","Internal HTML pages with 2xx response"
"Outside <head>","288","23.68%","1216","Internal HTML pages with 2xx response"
""
"Meta Keywords"
"All","1216","100.00%","1216","Internal HTML pages with 2xx response"
"Missing","1170","96.22%","1216","Internal HTML pages with 2xx response"
"Duplicate","0","0.00%","1216","Internal HTML pages with 2xx response"
"Multiple","0","0.00%","1216","Internal HTML pages with 2xx response"
""
"H1"
"All","1216","100.00%","1216","Internal HTML pages with 2xx response"
"Missing","8","0.66%","1216","Internal HTML pages with 2xx response"
"Duplicate","14","1.15%","1216","Internal HTML pages with 2xx response"
"Over 70 Characters","11","0.90%","1216","Internal HTML pages with 2xx response"
"Multiple","7","0.58%","1216","Internal HTML pages with 2xx response"
"Alt Text in H1","0","0.00%","1216","Internal HTML pages with 2xx response"
"Non-Sequential","1150","94.57%","1216","Internal HTML pages with 2xx response"
""
"H2"
"All","1216","100.00%","1216","Internal HTML pages with 2xx response"
"Missing","182","14.97%","1216","Internal HTML pages with 2xx response"
"Duplicate","127","10.44%","1216","Internal HTML pages with 2xx response"
"Over 70 Characters","84","6.91%","1216","Internal HTML pages with 2xx response"
"Multiple","966","79.44%","1216","Internal HTML pages with 2xx response"
"Non-Sequential","8","0.66%","1216","Internal HTML pages with 2xx response"
""
"Content"
"All","1216","100.00%","1216","Internal HTML pages with 2xx response"
"Exact Duplicates","0","0.00%","1216","Internal HTML pages with 2xx response"
"Near Duplicates","0","0.00%","1216","Internal HTML pages with 2xx response"
"Semantically Similar","0","0.00%","1216","Internal HTML pages with 2xx response"
"Low Relevance Content","0","0.00%","1216","Internal HTML pages with 2xx response"
"Low Content Pages","3","0.25%","1216","Internal HTML pages with 2xx response"
"Soft 404 Pages","0","0.00%","1216","Internal HTML pages with 2xx response"
"Spelling Errors","0","0.00%","1216","Internal HTML pages with 2xx response"
"Grammar Errors","0","0.00%","1216","Internal HTML pages with 2xx response"
"Readability Difficult","2","0.16%","1216","Internal HTML pages with 2xx response"
"Readability Very Difficult","0","0.00%","1216","Internal HTML pages with 2xx response"
"Lorem Ipsum Placeholder","0","0.00%","1216","Internal HTML pages with 2xx response"
""
"Images"
"All","8057","100.00%","8057","Images with 2xx response"
"Over 100 KB","49","0.61%","8057","Images with 2xx response"
"Missing Alt Text","37","0.46%","8057","Images with 2xx response"
"Missing Alt Attribute","3","0.04%","8057","Images with 2xx response"
"Alt Text Over 100 Characters","0","0.00%","8057","Images with 2xx response"
"Background Images","0","0.00%","8057","Images with 2xx response"
"Incorrectly Sized Images","0","0.00%","8057","Images with 2xx response"
"Missing Size Attributes","1","0.01%","8057","Images with 2xx response"
""
"Canonicals"
"All","1216","100.00%","1216","Internal HTML or PDF pages with 2xx response"
"Contains Canonical","923","75.90%","1216","Internal HTML or PDF pages with 2xx response"
"Self Referencing","882","72.53%","1216","Internal HTML or PDF pages with 2xx response"
"Canonicalised","41","3.37%","1216","Internal HTML or PDF pages with 2xx response"
"Missing","288","23.68%","1216","Internal HTML or PDF pages with 2xx response"
"Multiple","0","0.00%","1216","Internal HTML or PDF pages with 2xx response"
"Multiple Conflicting","0","0.00%","1216","Internal HTML or PDF pages with 2xx response"
"Non-Indexable Canonical","1","0.08%","1216","Internal HTML or PDF pages with 2xx response"
"Canonical Is Relative","0","0.00%","1216","Internal HTML or PDF pages with 2xx response"
"Unlinked","0","0.00%","1216","Internal HTML or PDF pages with 2xx response"
"Invalid Attribute In Annotation","0","0.00%","1216","Internal HTML or PDF pages with 2xx response"
"Contains Fragment URL","0","0.00%","1216","Internal HTML or PDF pages with 2xx response"
"Outside <head>","288","23.68%","1216","Internal HTML or PDF pages with 2xx response"
""
"Pagination"
"All","1216","100.00%","1216","Internal HTML pages with 2xx response"
"Contains Pagination","4","0.33%","1216","Internal HTML pages with 2xx response"
"First Page","2","0.16%","1216","Internal HTML pages with 2xx response"
"Paginated 2+ Pages","2","0.16%","1216","Internal HTML pages with 2xx response"
"Pagination URL Not in Anchor Tag","2","0.16%","1216","Internal HTML pages with 2xx response"
"Non-200 Pagination URLs","0","0.00%","1216","Internal HTML pages with 2xx response"
"Unlinked Pagination URLs","0","0.00%","1216","Internal HTML pages with 2xx response"
"Non-Indexable","0","0.00%","1216","Internal HTML pages with 2xx response"
"Multiple Pagination URLs","0","0.00%","1216","Internal HTML pages with 2xx response"
"Pagination Loop","0","0.00%","1216","Internal HTML pages with 2xx response"
"Sequence Error","0","0.00%","1216","Internal HTML pages with 2xx response"
""
"Directives"
"All","1772","100.00%","1772","Internal URLs with 2xx response"
"Index","1211","68.34%","1772","Internal URLs with 2xx response"
"Noindex","23","1.30%","1772","Internal URLs with 2xx response"
"Follow","1229","69.36%","1772","Internal URLs with 2xx response"
"Nofollow","4","0.23%","1772","Internal URLs with 2xx response"
"None","0","0.00%","1772","Internal URLs with 2xx response"
"NoArchive","1","0.06%","1772","Internal URLs with 2xx response"
"NoSnippet","1","0.06%","1772","Internal URLs with 2xx response"
"Max-Snippet","1210","68.28%","1772","Internal URLs with 2xx response"
"Max-Image-Preview","1211","68.34%","1772","Internal URLs with 2xx response"
"Max-Video-Preview","1211","68.34%","1772","Internal URLs with 2xx response"
"NoODP","0","0.00%","1772","Internal URLs with 2xx response"
"NoYDIR","0","0.00%","1772","Internal URLs with 2xx response"
"NoImageIndex","1","0.06%","1772","Internal URLs with 2xx response"
"NoTranslate","0","0.00%","1772","Internal URLs with 2xx response"
"Unavailable_After","0","0.00%","1772","Internal URLs with 2xx response"
"Refresh","0","0.00%","1548","Internal HTML pages with 2xx response"
"Outside <head>","288","16.25%","1772","Internal URLs with 2xx response"
""
"Hreflang"
"All","1216","100.00%","1216","Internal pages with 2xx response"
"Contains hreflang","0","0.00%","1216","Internal pages with 2xx response"
"Non-200 hreflang URLs","0","0.00%","1216","Internal pages with 2xx response"
"Unlinked hreflang URLs","0","0.00%","1216","Internal pages with 2xx response"
"Missing Return Links","0","0.00%","1216","Internal pages with 2xx response"
"Inconsistent Language & Region Return Links","0","0.00%","1216","Internal pages with 2xx response"
"Non-Canonical Return Links","0","0.00%","1216","Internal pages with 2xx response"
"Noindex Return Links","0","0.00%","1216","Internal pages with 2xx response"
"Incorrect Language & Region Codes","0","0.00%","1216","Internal pages with 2xx response"
"Multiple Entries","0","0.00%","1216","Internal pages with 2xx response"
"Missing Self Reference","0","0.00%","1216","Internal pages with 2xx response"
"Not Using Canonical","0","0.00%","1216","Internal pages with 2xx response"
"Missing X-Default","0","0.00%","1216","Internal pages with 2xx response"
"Missing","0","0.00%","1216","Internal pages with 2xx response"
"Outside <head>","0","0.00%","1216","Internal pages with 2xx response"
""
"JavaScript"
"All","1216","100.00%","1216","Internal HTML pages with 2xx response"
"Pages with Blocked Resources","72","5.92%","1216","Internal HTML pages with 2xx response"
"Contains JavaScript Links","0","0.00%","1216","Internal HTML pages with 2xx response"
"Contains JavaScript Content","322","26.48%","1216","Internal HTML pages with 2xx response"
"Noindex Only in Original HTML","0","0.00%","1216","Internal HTML pages with 2xx response"
"Nofollow Only in Original HTML","0","0.00%","1216","Internal HTML pages with 2xx response"
"Canonical Only in Rendered HTML","0","0.00%","1216","Internal HTML pages with 2xx response"
"Canonical Mismatch","0","0.00%","1216","Internal HTML pages with 2xx response"
"Page Title Only in Rendered HTML","0","0.00%","1216","Internal HTML pages with 2xx response"
"Page Title Updated by JavaScript","0","0.00%","1216","Internal HTML pages with 2xx response"
"Meta Description Only in Rendered HTML","0","0.00%","1216","Internal HTML pages with 2xx response"
"Meta Description Updated by JavaScript","0","0.00%","1216","Internal HTML pages with 2xx response"
"H1 Only in Rendered HTML","0","0.00%","1216","Internal HTML pages with 2xx response"
"H1 Updated by JavaScript","0","0.00%","1216","Internal HTML pages with 2xx response"
"Uses Old AJAX Crawling Scheme URLs","0","0.00%","1216","Internal HTML pages with 2xx response"
"Uses Old AJAX Crawling Scheme Meta Fragment Tag","0","0.00%","1216","Internal HTML pages with 2xx response"
"Pages with JavaScript Errors","0","0.00%","1216","Internal HTML pages with 2xx response"
"Pages with JavaScript Warnings","0","0.00%","1216","Internal HTML pages with 2xx response"
"Pages with Chrome Issues","0","0.00%","1216","Internal HTML pages with 2xx response"
""
"Links"
"All","1216","100.00%","1216","Internal HTML pages with 2xx response"
"Pages With High Crawl Depth","0","0.00%","1216","Internal HTML pages with 2xx response"
"Pages Without Internal Outlinks","0","0.00%","1216","Internal HTML pages with 2xx response"
"Internal Nofollow Outlinks","0","0.00%","1216","Internal HTML pages with 2xx response"
"Internal Outlinks With No Anchor Text","0","0.00%","1216","Internal HTML pages with 2xx response"
"Non-Descriptive Anchor Text In Internal Outlinks","1","0.08%","1216","Internal HTML pages with 2xx response"
"Pages With High External Outlinks","67","5.51%","1216","Internal HTML pages with 2xx response"
"Pages With High Internal Outlinks","5","0.41%","1216","Internal HTML pages with 2xx response"
"Follow & Nofollow Internal Inlinks To Page","0","0.00%","1216","Internal HTML pages with 2xx response"
"Internal Nofollow Inlinks Only","0","0.00%","1216","Internal HTML pages with 2xx response"
"Outlinks To Localhost","0","0.00%","1216","Internal HTML pages with 2xx response"
"Non-Indexable Page Inlinks Only","0","0.00%","1216","Internal HTML pages with 2xx response"
""
"AMP"
"All","0","0.00%","0","Internal AMP URLs"
"Non-200 Response","0","0.00%","1548","Internal HTML URLs"
"Missing Non-AMP Return Link","0","0.00%","0","Internal AMP URLs"
"Missing Canonical to Non-AMP","0","0.00%","0","Internal AMP URLs"
"Non-Indexable Canonical","0","0.00%","0","Internal AMP URLs"
"Indexable","0","0.00%","0","Internal AMP URLs"
"Non-Indexable","0","0.00%","0","Internal AMP URLs"
"Missing <html amp> Tag","0","0.00%","1548","Internal HTML URLs"
"Missing/Invalid <!doctype html> Tag","0","0.00%","0","Internal AMP URLs"
"Missing <head> Tag","0","0.00%","0","Internal AMP URLs"
"Missing <body> Tag","0","0.00%","0","Internal AMP URLs"
"Missing Canonical","0","0.00%","0","Internal AMP URLs"
"Missing/Invalid <meta charset> Tag","0","0.00%","0","Internal AMP URLs"
"Missing/Invalid <meta viewport> Tag","0","0.00%","0","Internal AMP URLs"
"Missing/Invalid AMP Script","0","0.00%","0","Internal AMP URLs"
"Missing/Invalid AMP Boilerplate","0","0.00%","0","Internal AMP URLs"
"Contains Disallowed HTML","0","0.00%","0","Internal AMP URLs"
"Other Validation Errors","0","0.00%","0","Internal AMP URLs"
""
"Structured Data"
"All","1216","100.00%","1216","Internal HTML pages with 2xx response"
"Contains Structured Data","0","0.00%","1216","Internal HTML pages with 2xx response"
"Missing","0","0.00%","1216","Internal HTML pages with 2xx response"
"Validation Errors","0","0.00%","1216","Internal HTML pages with 2xx response"
"Validation Warnings","0","0.00%","1216","Internal HTML pages with 2xx response"
"Rich Result Validation Errors","0","0.00%","1216","Internal HTML pages with 2xx response"
"Rich Result Validation Warnings","0","0.00%","1216","Internal HTML pages with 2xx response"
"Parse Errors","0","0.00%","1216","Internal HTML pages with 2xx response"
"Microdata URLs","0","0.00%","1216","Internal HTML pages with 2xx response"
"JSON-LD URLs","0","0.00%","1216","Internal HTML pages with 2xx response"
"RDFa URLs","0","0.00%","1216","Internal HTML pages with 2xx response"
"Rich Result Feature Detected","0","0.00%","1216","Internal HTML pages with 2xx response"
""
"Sitemaps"
"All","1570","100.00%","1570","Internal HTML/XML pages"
"URLs in Sitemap","0","0.00%","1570","Internal HTML/XML pages"
"URLs not in Sitemap","0","0.00%","1570","Internal HTML/XML pages"
"Orphan URLs","0","0.00%","1570","Internal HTML/XML pages"
"Non-Indexable URLs in Sitemap","0","0.00%","1570","Internal HTML/XML pages"
"URLs in Multiple Sitemaps","0","0.00%","1570","Internal HTML/XML pages"
"XML Sitemap with over 50k URLs","0","0.00%","1570","Internal HTML/XML pages"
"XML Sitemap over 50MB","0","0.00%","1570","Internal HTML/XML pages"
""
"PageSpeed"
"All","1216","100.00%","1216","Internal HTML URLs with 2xx response"
"Document Request Latency","0","0.00%","1216","Internal HTML URLs with 2xx response"
"LCP Request Discovery","288","23.68%","1216","Internal HTML URLs with 2xx response"
"Render Blocking Requests","901","74.10%","1216","Internal HTML URLs with 2xx response"
"Network Dependency Tree","1448","100.00%","1216","Internal HTML URLs with 2xx response"
"Use Efficient Cache Lifetimes","907","74.59%","1216","Internal HTML URLs with 2xx response"
"Layout Shift Culprits","664","54.61%","1216","Internal HTML URLs with 2xx response"
"Optimize DOM Size","795","65.38%","1216","Internal HTML URLs with 2xx response"
"Improve Image Delivery","616","50.66%","1216","Internal HTML URLs with 2xx response"
"Forced Reflow","504","41.45%","1216","Internal HTML URLs with 2xx response"
"Legacy JavaScript","2","0.16%","1216","Internal HTML URLs with 2xx response"
"Duplicated JavaScript","0","0.00%","1216","Internal HTML URLs with 2xx response"
"Font Display","2","0.16%","1216","Internal HTML URLs with 2xx response"
"Avoid Enormous Network Payloads","0","0.00%","1216","Internal HTML URLs with 2xx response"
"Minify CSS","421","34.62%","1216","Internal HTML URLs with 2xx response"
"Minify JavaScript","1","0.08%","1216","Internal HTML URLs with 2xx response"
"Reduce Unused CSS","1170","96.22%","1216","Internal HTML URLs with 2xx response"
"Reduce Unused JavaScript","694","57.07%","1216","Internal HTML URLs with 2xx response"
"Reduce JavaScript Execution Time","26","2.14%","1216","Internal HTML URLs with 2xx response"
"Minimize Main-Thread Work","47","3.87%","1216","Internal HTML URLs with 2xx response"
"Request Errors","45","3.70%","1216","Internal HTML URLs with 2xx response"
""
"Mobile"
"All","1216","100.00%","1216",""
"Viewport Not Set","0","0.00%","1216",""
"Target Size","0","0.00%","1216",""
"Content Not Sized Correctly","0","0.00%","1216",""
"Illegible Font Size","0","0.00%","1216",""
"Contains Unsupported Plugins","0","0.00%","1216",""
"Mobile Alternate Link","0","0.00%","1216",""
""
"Accessibility"
"All","1216","100.00%","1216",""
"Accessibility Score Poor","0","0.00%","1216",""
"Accessibility Score Needs Improvement","0","0.00%","1216",""
"Accessibility Score Good","0","0.00%","1216",""
"WCAG 2.0 A Violation","0","0.00%","1216",""
"WCAG 2.0 AA Violation","0","0.00%","1216",""
"WCAG 2.0 AAA Violation","0","0.00%","1216",""
"WCAG 2.1 AA Violation","0","0.00%","1216",""
"WCAG 2.2 AA Violation","0","0.00%","1216",""
"Best Practice Violation","0","0.00%","1216",""
"Accesskey Attribute Value Must Be Unique","0","0.00%","1216",""
"Ensure Elements Marked Presentational Are Ignored","0","0.00%","1216",""
"Elements Must Not Have Tabindex Greater Than Zero","0","0.00%","1216",""
"Scrollable Region Requires Keyboard Access","0","0.00%","1216",""
"Skip-link Target Should Exist & Be Focusable","0","0.00%","1216",""
"Required ARIA Attributes Must Be Provided","0","0.00%","1216",""
"Role=text Should Have No Focusable Descendants","0","0.00%","1216",""
"ARIA Attribute Must Be Used As Specified For Role","0","0.00%","1216",""
"ARIA Attributes Require Valid Values","0","0.00%","1216",""
"ARIA Attributes Require Valid Names","0","0.00%","1216",""
"ARIA Commands Require Accessible Name","0","0.00%","1216",""
"ARIA Dialog & Alertdialog Require Accessible Name","0","0.00%","1216",""
"ARIA Input Fields Require Accessible Name","0","0.00%","1216",""
"ARIA Meter Nodes Require Accessible Name","0","0.00%","1216",""
"ARIA Progressbar Nodes Require Accessible Name","0","0.00%","1216",""
"ARIA Role Should Be Appropriate For Element","0","0.00%","1216",""
"ARIA Roles Must Be Contained By Required Parent","0","0.00%","1216",""
"ARIA Roles Require Valid Values","0","0.00%","1216",""
"ARIA Toggle Fields Require Accessible Name","0","0.00%","1216",""
"ARIA Tooltip Nodes Require Accessible Name","0","0.00%","1216",""
"ARIA Treeitem Nodes Require Accessible Name","0","0.00%","1216",""
"Certain ARIA Roles Must Contain Specific Children","0","0.00%","1216",""
"Deprecated ARIA Roles Must Not Be Used","0","0.00%","1216",""
"Aria-braille Require Non-braille Equivalent","0","0.00%","1216",""
"Aria-hidden Elements Contains Focusable Elements","0","0.00%","1216",""
"Aria-hidden=true Must Not Be Used In <body>","0","0.00%","1216",""
"Elements Must Only Use Permitted ARIA Attributes","0","0.00%","1216",""
"Elements Must Use Allowed ARIA Attributes","0","0.00%","1216",""
"IDs Used In ARIA & Labels Must Be Unique","0","0.00%","1216",""
"Page Requires Means To Bypass Repeated Blocks","0","0.00%","1216",""
"All Page Content Must Be Contained By Landmarks","0","0.00%","1216",""
"Page Requires One Main Landmark","0","0.00%","1216",""
"Page Must Not Have More Than One Banner Landmark","0","0.00%","1216",""
"Banner Landmark Must Not Be In Another Landmark","0","0.00%","1216",""
"Page Must Not Have Multiple Contentinfo Landmarks","0","0.00%","1216",""
"Page Requires At Most One Main Landmark","0","0.00%","1216",""
"Complementary Landmarks & Asides Must Be Top Level","0","0.00%","1216",""
"Contentinfo Landmark Must Be Top Level Landmark","0","0.00%","1216",""
"Main Landmark Must Not Be In Another Landmark","0","0.00%","1216",""
"Landmarks Require Unique Role Or Accessible Name","0","0.00%","1216",""
"Form Field Must Not Have Multiple Label Elements","0","0.00%","1216",""
"Form <input> Elements Require Labels","0","0.00%","1216",""
"Form Elements Should Have Visible Label","0","0.00%","1216",""
"Autocomplete Attribute Must Be Used Correctly","0","0.00%","1216",""
"Frames Require Title Attribute","0","0.00%","1216",""
"Frames Require Unique Title Attribute","0","0.00%","1216",""
"Frames Should Be Tested With axe-core","0","0.00%","1216",""
"Frames With Focusable Content Must Not Use tabindex=-1","0","0.00%","1216",""
"Page Must Contain <title>","0","0.00%","1216",""
"Page Must Contain <h1>","0","0.00%","1216",""
"Heading Levels Should Only Increase By One","0","0.00%","1216",""
"Headings Should Not Be Empty","0","0.00%","1216",""
"Meta Viewport Should Allow Zoom & Scale Up to 500%","0","0.00%","1216",""
"Meta Viewport Zoom & Scaling Disabled","0","0.00%","1216",""
"HTML Element Lang Attribute Value Must Be Valid","0","0.00%","1216",""
"HTML Element Requires Lang Attribute","0","0.00%","1216",""
"HTML Lang & XML Lang Value Should Match","0","0.00%","1216",""
"Lang Attribute Requires Valid Value","0","0.00%","1216",""
"Delayed Meta Refresh Must Not Be Used","0","0.00%","1216",""
"Timed Meta Refresh Must Not Exist","0","0.00%","1216",""
"Image Button Requires Alternate Text","0","0.00%","1216",""
"Images Require Alternate Text","0","0.00%","1216",""
"<object> Elements Require Alternate Text","0","0.00%","1216",""
"Active <area> Elements Require Alternate Text","0","0.00%","1216",""
"Alt Text Should Not Be Repeated As Text","0","0.00%","1216",""
"Elements Marked role=img Require Alternate Text","0","0.00%","1216",""
"SVG Images & Graphics Require Accessible Text","0","0.00%","1216",""
"Server-Side Image Maps Must Not Be Used","0","0.00%","1216",""
"<video> Elements Require <track> For Captions","0","0.00%","1216",""
"<video> or <audio> Elements Must Not Auto-play","0","0.00%","1216",""
"Buttons Require Discernible Text","0","0.00%","1216",""
"Input Buttons Require Discernible Text","0","0.00%","1216",""
"Inline Text Spacing Must Be Adjustable","0","0.00%","1216",""
"Links Must Be Distinguishable","0","0.00%","1216",""
"Links Require Discernible Text","0","0.00%","1216",""
"Links With Same Accessible Name","0","0.00%","1216",""
"Select Element Requires Accessible Name","0","0.00%","1216",""
"Summary Elements Require Discernible Text","0","0.00%","1216",""
"Deprecated <marquee> Element Must Not Be Used","0","0.00%","1216",""
"<blink> Elements Deprecated & Must Not Be Used","0","0.00%","1216",""
"Text Requires Higher Color Contrast Ratio","0","0.00%","1216",""
"Text Requires Higher Color Contrast to Background","0","0.00%","1216",""
"Touch Targets Require Sufficient Size & Spacing","0","0.00%","1216",""
"Interactive Controls Must Not Be Nested","0","0.00%","1216",""
"List Items Must Be Contained In List Elements","0","0.00%","1216",""
"Lists Must Only Contain <li> Content Elements","0","0.00%","1216",""
"<dl> Must Only Have Ordered <dt> & <dd> Groups","0","0.00%","1216",""
"<dt> & <dd> Elements Must Be Contained by <dl>","0","0.00%","1216",""
"<th> Element Requires Associated Data Cells","0","0.00%","1216",""
"Table Header Attr Must Refer To Cell In Same Table","0","0.00%","1216",""
"Table Headers Require Discernible Text","0","0.00%","1216",""
"Table With Identical Summary & Caption Text","0","0.00%","1216",""
"Scope Attribute Should Be Used Correctly On Tables","0","0.00%","1216",""
""
"Custom Search"
"All","1216","100.00%","1216","Internal HTML pages with 2xx response"
"""dunnam"" in HTML","0","0.00%","1216","Internal HTML pages with 2xx response"
"""dunnam"" in Page Text","0","0.00%","1216","Internal HTML pages with 2xx response"
"""dunnam"" in Content Area","0","0.00%","1216","Internal HTML pages with 2xx response"
""
"Custom Extraction"
"All","1216","100.00%","1216","Internal HTML pages with 2xx response"
""
"Custom JavaScript"
"All","1772","100.00%","1772","Internal HTML pages with 2xx response"
""
"Analytics"
"All","1548","100.00%","1548","Internal URLs with associated Google Analytics data"
"Sessions Above 0","0","0.00%","1548","Internal URLs with associated Google Analytics data"
"Bounce Rate Above 70%","0","0.00%","1548","Internal URLs with associated Google Analytics data"
"No GA Data","0","0.00%","1548","Internal URLs with associated Google Analytics data"
"Non-Indexable with GA Data","0","0.00%","1548","Internal URLs with associated Google Analytics data"
"Orphan URLs","0","0.00%","1548","Internal URLs with associated Google Analytics data"
""
"Search Console"
"All","1548","100.00%","1548","Internal URLs with associated Google Search Console data"
"Clicks Above 0","0","0.00%","1548","Internal URLs with associated Google Search Console data"
"No Search Analytics Data","0","0.00%","1548","Internal URLs with associated Google Search Console data"
"Non-Indexable with Search Analytics Data","0","0.00%","1548","Internal URLs with associated Google Search Console data"
"Orphan URLs","0","0.00%","1548","Internal URLs with associated Google Search Console data"
"URL is Not on Google","0","0.00%","1548","Internal URLs with associated Google Search Console data"
"Indexable URL Not Indexed","0","0.00%","1548","Internal URLs with associated Google Search Console data"
"URL is on Google But Has Issues","0","0.00%","1548","Internal URLs with associated Google Search Console data"
"User-Declared Canonical Not Selected","0","0.00%","1548","Internal URLs with associated Google Search Console data"
"Page is Not Mobile Friendly","0","0.00%","1548","Internal URLs with associated Google Search Console data"
"AMP URL Invalid","0","0.00%","1548","Internal URLs with associated Google Search Console data"
"Rich Result Invalid","0","0.00%","1548","Internal URLs with associated Google Search Console data"
""
"Validation"
"All","2104","100.00%","2104","Internal URLs with 2xx response"
"Invalid HTML Elements in <head>","0","0.00%","2104","Internal URLs with 2xx response"
"<body> Element Preceding <html>","0","0.00%","2104","Internal URLs with 2xx response"
"<head> Not First In <html> Element","0","0.00%","2104","Internal URLs with 2xx response"
"Missing <head> Tag","0","0.00%","2104","Internal URLs with 2xx response"
"Multiple <head> Tags","0","0.00%","2104","Internal URLs with 2xx response"
"Missing <body> Tag","0","0.00%","2104","Internal URLs with 2xx response"
"Multiple <body> Tags","0","0.00%","2104","Internal URLs with 2xx response"
"HTML Document Over 15MB","0","0.00%","2104","Internal URLs with 2xx response"
"Resource Over 15MB","0","0.00%","2104","Internal URLs with 2xx response"
"High Carbon Rating","18","0.86%","2104","Internal URLs with 2xx response"
""
"Link Metrics"
"All","1549","100.00%","1549","Internal HTML/PDF pages"
""
"AI"
"All","1772","100.00%","1772","Internal HTML URLs with 2xx response"
""
""
"Depth (Clicks from Start URL)"
"0","1","0.08%","1216","Internal HTML pages with 2xx response"
"1","1167","95.97%","1216","Internal HTML pages with 2xx response"
"2","41","3.37%","1216","Internal HTML pages with 2xx response"
"3","0","0.00%","1216","Internal HTML pages with 2xx response"
"4","0","0.00%","1216","Internal HTML pages with 2xx response"
"5","0","0.00%","1216","Internal HTML pages with 2xx response"
"6","0","0.00%","1216","Internal HTML pages with 2xx response"
"7","0","0.00%","1216","Internal HTML pages with 2xx response"
"8","0","0.00%","1216","Internal HTML pages with 2xx response"
"9","0","0.00%","1216","Internal HTML pages with 2xx response"
"10+","0","0.00%","1216","Internal HTML pages with 2xx response"
""
"Inlinks (Top 20 URLs)"
"https://www.dunhamlaw.com/","1216","100.00%","1216","Internal HTML pages with 2xx response"
"https://www.dunhamlaw.com/injury-lawyers/","1177","96.79%","1216","Internal HTML pages with 2xx response"
"https://www.dunhamlaw.com/tx/possession/","929","76.40%","1216","Internal HTML pages with 2xx response"
"https://www.dunhamlaw.com/tx/sex-crimes-lawyers/child-sexual-abuse-defense/criminal-investigations-and-procedures/","929","76.40%","1216","Internal HTML pages with 2xx response"
"https://www.dunhamlaw.com/tx/sex-crimes-lawyers/crimes-against-children-in-texas/","929","76.40%","1216","Internal HTML pages with 2xx response"
"https://www.dunhamlaw.com/tx/domestic-violence/","929","76.40%","1216","Internal HTML pages with 2xx response"
"https://www.dunhamlaw.com/payments/","929","76.40%","1216","Internal HTML pages with 2xx response"
"https://www.dunhamlaw.com/tx/sex-crimes-lawyers/adult-sexual-abuse/human-trafficking-crimes/","929","76.40%","1216","Internal HTML pages with 2xx response"
"https://www.dunhamlaw.com/tx/misdemeanors/","929","76.40%","1216","Internal HTML pages with 2xx response"
"https://www.dunhamlaw.com/tx/felonies/","929","76.40%","1216","Internal HTML pages with 2xx response"
"https://www.dunhamlaw.com/tx/dwi/","929","76.40%","1216","Internal HTML pages with 2xx response"
"https://www.dunhamlaw.com/tx/theft/","929","76.40%","1216","Internal HTML pages with 2xx response"
"https://www.dunhamlaw.com/tx/assault/","929","76.40%","1216","Internal HTML pages with 2xx response"
"https://www.dunhamlaw.com/tx/sex-crimes-lawyers/","929","76.40%","1216","Internal HTML pages with 2xx response"
"https://www.dunhamlaw.com/tx/crimes-against-the-family/","929","76.40%","1216","Internal HTML pages with 2xx response"
"https://www.dunhamlaw.com/tx/sex-crimes-lawyers/child-sexual-abuse-defense/sending-and-receiving-explicit-photos/","929","76.40%","1216","Internal HTML pages with 2xx response"
"https://www.dunhamlaw.com/tx/sex-crimes-lawyers/child-sexual-abuse-defense/online-solicitation-of-a-minor/","929","76.40%","1216","Internal HTML pages with 2xx response"
"https://www.dunhamlaw.com/attorneys/alexander-hinshaw/","891","73.27%","1216","Internal HTML pages with 2xx response"
"https://www.dunhamlaw.com/attorneys/benjamin-griffin/","891","73.27%","1216","Internal HTML pages with 2xx response"
"https://www.dunhamlaw.com/attorneys/bohumila-jones-attorney/","891","73.27%","1216","Internal HTML pages with 2xx response"
""
"Response Time (Seconds)","URLs","% of Total"
"1","2087","99.19%"
"2","6","0.29%"
"3","2","0.10%"
"4","2","0.10%"
"5","3","0.14%"
"6","0","0.00%"
"7","0","0.00%"
"8","0","0.00%"
"9","0","0.00%"
"10","0","0.00%"
"11","4","0.19%"
